<?xml version="1.0" encoding="UTF-8"?><rss version="2.0"
	xmlns:content="http://purl.org/rss/1.0/modules/content/"
	xmlns:wfw="http://wellformedweb.org/CommentAPI/"
	xmlns:dc="http://purl.org/dc/elements/1.1/"
	xmlns:atom="http://www.w3.org/2005/Atom"
	xmlns:sy="http://purl.org/rss/1.0/modules/syndication/"
	xmlns:slash="http://purl.org/rss/1.0/modules/slash/"
	>

<channel>
	<title>test</title>
	<atom:link href="/feed/" rel="self" type="application/rss+xml" />
	<link>/</link>
	<description>Só mais um site WordPress</description>
	<lastBuildDate>Thu, 26 Mar 2020 19:29:28 +0000</lastBuildDate>
	<language>pt-BR</language>
	<sy:updatePeriod>hourly</sy:updatePeriod>
	<sy:updateFrequency>1</sy:updateFrequency>
	<generator>https://wordpress.org/?v=4.9.13</generator>
	<item>
		<title>Olá, mundo!</title>
		<link>/2020/03/26/ola-mundo/</link>
		<comments>/2020/03/26/ola-mundo/#comments</comments>
		<pubDate>Thu, 26 Mar 2020 19:29:28 +0000</pubDate>
		<dc:creator><![CDATA[test]]></dc:creator>
				<category><![CDATA[Sem categoria]]></category>

		<guid isPermaLink="false">/?p=1</guid>
		<description><![CDATA[Bem-vindo ao WordPress. Esse é o seu primeiro post. Edite-o ou exclua-o, e então comece a escrever!]]></description>
				<content:encoded><![CDATA[<p>Bem-vindo ao WordPress. Esse é o seu primeiro post. Edite-o ou exclua-o, e então comece a escrever!</p>
]]></content:encoded>
			<wfw:commentRss>/2020/03/26/ola-mundo/feed/</wfw:commentRss>
		<slash:comments>1</slash:comments>
		</item>
	</channel>
</rss>
