<?xml version="1.0" encoding="UTF-8"?><rss version="2.0"
	xmlns:content="http://purl.org/rss/1.0/modules/content/"
	xmlns:dc="http://purl.org/dc/elements/1.1/"
	xmlns:atom="http://www.w3.org/2005/Atom"
	xmlns:sy="http://purl.org/rss/1.0/modules/syndication/"
	
	>
<channel>
	<title>Comentários sobre test</title>
	<atom:link href="/comments/feed/" rel="self" type="application/rss+xml" />
	<link>/</link>
	<description>Só mais um site WordPress</description>
	<lastBuildDate>Thu, 26 Mar 2020 19:29:28 +0000</lastBuildDate>
	<sy:updatePeriod>hourly</sy:updatePeriod>
	<sy:updateFrequency>1</sy:updateFrequency>
	<generator>https://wordpress.org/?v=4.9.13</generator>
	<item>
		<title>Comentário sobre Olá, mundo! por Um comentarista do WordPress</title>
		<link>/2020/03/26/ola-mundo/#comment-1</link>
		<dc:creator><![CDATA[Um comentarista do WordPress]]></dc:creator>
		<pubDate>Thu, 26 Mar 2020 19:29:28 +0000</pubDate>
		<guid isPermaLink="false">/?p=1#comment-1</guid>
		<description><![CDATA[Olá, isso é um comentário.
Para começar a moderar, editar e deletar comentários, visite a tela de Comentários no painel.
Avatares de comentaristas vêm a partir do &lt;a href=&quot;https://gravatar.com&quot;&gt;Gravatar&lt;/a&gt;.]]></description>
		<content:encoded><![CDATA[<p>Olá, isso é um comentário.<br />
Para começar a moderar, editar e deletar comentários, visite a tela de Comentários no painel.<br />
Avatares de comentaristas vêm a partir do <a href="https://gravatar.com/">Gravatar</a>.</p>
]]></content:encoded>
	</item>
</channel>
</rss>
